S.No,Youtube_links
1,https://youtu.be/Ldn11dMHTJ8?si=0Ybr9pr93VQXLTtd
2,https://youtu.be/Y8RDVRKMf_Y?si=PbmeQLIVssEuIE2A
3,https://youtu.be/iAIBF2ngbWY?si=xPtanIWcKati2eyQ
4,https://youtu.be/6OXfgu8uKnE?si=U-p6GjRlCxCGayOe
5,https://youtu.be/2nN7g_dLEPU?si=VNN0UZqBE9TnXpIr
6,https://youtu.be/oRGhqUjWF6U?si=3PHFh2eLejreHSv1
7,https://youtu.be/X0ZwyQsxHkY?si=hFI20OQSQ6PtS3Za
8,https://youtu.be/zDknxGb00I4?si=jNJcTNCga_qyun_X
9,https://youtu.be/zNFlJqvxwdg?si=i9rqwdgkWwhgK6o_
10,https://youtu.be/AOIeoPwpe6E?si=NaTLlQ4xdi7G6aWS
11,https://youtu.be/eL2vQyP6DQE?si=liRTJ1I7Qo_WSsfy
12,https://youtu.be/IRuYYQgnvEM?si=sDHj55MzwFjQFwUp
13,https://youtu.be/EEFKKKtpk5M?si=VBA8iKh6o07tQNn3
14,https://youtu.be/uek9IYnQrzs?si=OxsLA3iqiY4VpzhU
15,https://youtu.be/3UD8c16JctQ?si=tVO20LLKWX7ekV--
16,https://youtu.be/rrZKWephkLc?si=JeAMxsAC9nDOcgpP
17,https://youtu.be/9137kv1va3g?si=_bZ4NDjgDM008Ogi
18,https://youtu.be/lWV6jM-2DvE?si=sQLtXtmbEL0MN1Ov
19,https://youtu.be/Zlqf9cuaOBw?si=gsRXNLADb4z6kJXn
20,https://youtu.be/304h25XGprE?si=MKvCWzQQWSfllHRh
